Name,Sites,Headquarters,Website
7-Eleven Inc.,12854,TX,https://7-eleven.com
Alimentation Couche-Tard Inc.,7008,CAN,https://corpo.couche-tard.com
Casey's General Stores Inc.,2470,IA,https://caseys.com
Murphy USA Inc.,1712,AR,https://murphyusa.com
EG America LLC,1682,MA,https://eg-america.com
GPM Investments LLC,1404,VA,https://gpminvestments.com
BP America Inc./Thorntons,1224,IL,https://bp.com
ExtraMile Convenience Stores LLC,1037,CA,https://chevronextramile.com
Wawa Inc.,988,PA,https://wawa.com
QuikTrip Corp.,963,OK,https://quiktrip.com
Kwik Trip,847,WI,https://kwiktrip.com
Sheetz,670,PA,https://sheetz.com
Pilot Co.,641,TN,https://pilotflyingj.com
Love's Travel Stops & Country Stores Inc.,607,OK,https://loves.com
RaceTrac,566,GA,https://racetrac.com
United Pacific/Rocket,503,CA,https://unitedoilco.com
Anabi Oil/Rebel,490,CA,https://anabioil.com
"BW Gas & Convenience Holdings LLC/Yesway, Allsup's",425,TX,https://yesway.com
Sunshine Gasoline Distributors,415,FL,https://sunshinegasoline.com
United Refining Co.,404,PA,https://urc.com
Maverik Inc.,397,UT,https://maverik.com
Kum & Go,393,IA,https://kumandgo.com
Stewart's Shops,357,NY,https://stewartsshops.com
Global Partners LP/Alltown Fresh,353,MA,https://globalp.com
Jacksons Food Stores,315,ID,https://jacksons.com
Bolla Oil Corp.,312,NY,https://bollamarket.com
MAPCO,304,TN,https://mapcorewards.com
"The Cigarette Store Group/Smoker Friendly, et.al.",291,CO,https://smokerfriendly.com
TravelCenters of America LLC,281,OH,https://ta-petro.com
Royal Farms,268,MD,https://royalfarms.com
Giant Eagle Convenience Division/GetGo,263,PA,https://treis-group.com
Applegreen PLC,253,IE,https://applegreenstores.com
CrossAmerica Partners LP,252,PA,https://crossamericapartners.com
Delek U.S. Holdings,250,TN,https://delekus.com
Meijer Gas Stations,230,MI,https://meijer.com
RaceWay,217,GA,https://racewaystores.com
Parkland USA,213,CAN,https://parkland.ca
Par Mar Oil Co.,212,OH,https://parmarstores.com
Cal's Convenience Inc.,209,TX,https://calscstores.com
Refuel Operating Co. LLC,207,SC,https://refuelmarket.com
CEFCO Convenience Stores,201,TX,https://fikesinc.com
Sam's Food Stores,200,CT,https://samsfoodstores.com
G&M Oil Co. Inc.,192,CA,https://gmoc.com
Hy-Vee Inc.,187,IA,https://hy-vee.com
Shell,183,TX,https://shell.us
Terrible's,174,NV,https://terribles.com
United Dairy Farmers,173,OH,https://udfinc.com
Nouria Energy Corp.,172,MA,https://nouriaenergy.com
True North Energy,167,OH,https://truenorthstores.com
Mountain Express Oil,166,GA,https://mountainexpressoil.com
H&S Energy Products LLC,165,CA,https://hnsenergyproducts.com
Tri Star Energy/Twice Daily,162,TN,https://twicedaily.com
Alta Convenience,157,CO,https://altaconvenience.com
K-VA-T Food Stores Convenience Division,150,VA,https://foodcity.com
Blarney Castle Oil,148,MI,https://blarneycastleoil.com
Quality Oil Co.,140,NC,https://qualityoilnc.com
Transit Energy Group,135,AR,https://transitenergy.com
Panjwani Energy,134,TX,
Vintners Distributors/Loop Neighborhood,132,CA,https://loopneighborhood.com
Enmarket,129,GA,https://enmarket.com
Martin & Bayley Inc./Huck's,125,IL,https://hucks.com
GoMart Inc.,122,WV,https://gomart.com
Englefield Oil Co.,120,OH,https://myduchess.com
Gas Land Petroleum,119,NY,
Little General Stores Inc.,115,WV,https://lgstoreswv.com
Quick Track,111,TX,https://quicktrackinc.com
Mirabito Holdings Inc.,109,NY,https://mirabito.com
Sampson-Bladen Oil Co./Han-Dee Hugo's,109,NC,https://sboil.com
Stinker Stores Inc.,108,ID,https://stinker.com
Town Pump Inc.,107,MO,https://townpump.com
Plaid Pantry,106,OR,https://plaidpantry.com
M.M. Fowler Inc./Family Fare,104,NC,https://familyfareconveniencestores.com
Victory Marketing/Sprint Mart,104,MI,https://sprintmart.com
S&S Petroleum,91,WA,https://sspetro.com
Parker Oil Co.,90,VA,https://parkeroilcompany.com
White Oak Station,89,TX,
Atlantis Management Group,88,NY,https://atlantismgmt.com
Newcomb Oil Co./FiveStar,88,KY,https://fivestarfoodmart.com
Toot'n Totum Food Stores,87,TX,https://tootntotum.com
Reid Petroleum Group/Crosby's,84,NY,https://crosbysstores.com
The Spinx Co.,84,SC,https://myspinx.com
CHR Corp./Rutter's,83,PA,https://rutters.com
FKG Oil Co./MotoMart,82,IL,https://mymotomart.com
Midjit Market/Green Valley Grocery,82,NV,https://gvgrocery.com
Family Express Corp.,81,IN,https://familyexpress.com
Southwest Georgia Oil Co. Inc./SunStop,79,GA,https://swgaoil.com
Krist Oil Co.,78,MI,https://kristoil.com
Monfort Cos./7E CO Holdings,78,CO,https://monfortcompanies.com
Johnson Oil Co./ExpressLane,77,IL,https://johnsonoilexpresslane.com
BFS Cos.,76,WV,https://bfscompanies.com
Sunoco LP/Aplus,76,TX,https://sunocolp.com
Campbell Oil Co./BellStores,75,OH,https://bellstores.com
OnCue Marketing LLC,75,OK,https://ww.oncueexpress.com
CPD Energy Corp./Chestnut Market,74,NY,
Good 2 Go Stores LLC,74,ID,https://good2gostores.com
MNS Ltd./ABC Stores,74,HI,https://abcstores.com
Parker Cos.,74,GA,https://parkerskitchen.com
C.N. Brown,73,ME,https://cnbrown.com
The Kent Cos.,73,TX,https://thekentcompanies.com
Weigel's Stores Inc.,73,TN,https://weigels.com
Weigel's Stores Inc.,73,TN,https://weigels.com
Energy North Group/Haffner's,72,MA,https://energytogo.com
Gate Petroleum Co.,72,FL,https://gatepetro.com
Holiday Oil Co.,71,UT,https://holidayoil.com
K&G Petroleum,70,CO,https://kgpetroleum.com
Byrne Dairy Co.,69,NY,https://byrnedairystores.com
S&G,69,OH,https://stopandgostores.com
Dandy Mini Marts,68,PA,https://godandy.com
East Side Enterprise LLC/Seasons Corner Market,66,RI,https://seasonscornermarket.com
Walters-Dimmick Petroleum Inc./Johnny's Market,66,MI,https://johnnysmarkets.com
7-Eleven Hawaii,65,HI,https://7elevenhawaii.com
Jackson BevCo,65,ID,https://jacksonbevco.com
Jordan's Kwik Stop,64,AR,https://jordanskwikstopinc.com
Landmark Industries/Timewise Food Store,64,TX,https://landmarkindustries.com
Campbell Oil Co./Minuteman Food Mart,62,NC,https://minutemanfoodmart.com
Clark's Pump-N-Shop,62,KY,https://myclarkspns.com
Wallis Companies,62,MO,https://wallisco.com
Carroll Independent Fuel/High's,60,MD,https://highs.com
Majors Management,60,GA,https://majorsmanagement.com
J&H Oil Co. Inc.,59,MI,https://myjhfamilystores.com
Shop Rite/Tobacco Plus,58,LA,https://shopritela.com
Gawfco Enterprises,57,CA,https://gawfco.com
Jay Petroleum/Pak-A-Sak,57,IN,https://pakasak.com
Farm Stores Grocery Inc.,56,FL,https://farmstores.com
Jernigan Oil Co.,56,NC,https://duckthru.com
Midwest Petroleum Corp.,56,MO,https://midwestpetro.com
Albertsons Cos.,55,ID,https://albertsonscompanies.com
Coen Oil Co.,55,PA,https://coen1923.com
The Wills Group Inc./Dash In,55,MD,https://dashin.com
Warrenton Oil Co./FastLane,55,MO,https://fastlane-cstore.com
Wesco Inc.,55,MI,https://gowesco.com
ARS West LLC/American Retail Services,54,CA,https://porters.us.com
Cantrell Cos./1st Stop,54,OH,https://1ststopinc.com
Cox Oil Co.,54,TN,https://littlegeneral.com
Eagle Stop,54,MO,https://eaglestopstores.com
Jaco Oil Co./Fastrip,54,CA,https://fastrip.com
Jet Food Stores,52,GA,https://jetfoodstores.com
TXB,52,TX,https://txbstores.com
Pete's of Erie Inc.,51,KS,https://petescorp.com
Kelley Williamson Co.,50,IL,https://kelleysmarket.com
R.L. Vallee Inc.,49,VT,https://maplefields.com
Bosselman Enterprises,48,NE,https://pumpandpantry.com
Craddock Oil Co.,48,MS,https://craddockoil.com
Fast Stop Travel Centers,48,UT,https://faststop.us
NSR Petro Service,48,MD,https://nsr-petro-services-llc.business.site
Savings Oil Co./Dodge's Stores,48,MS,https://dodgessouthernstyle.com
Clark Oil Co.,47,MS,https://clark-oil.com
Git N Go Convenience Stores,47,IA,https://git-n-go.com
Enex/Road Ranger,46,IL,https://roadrangerusa.com
Short Stop Food Marts,46,NC,https://shortstopfoodmarts.com
Jolley Stores,45,VT,https://jolleystores.com
Street Corner Inc.,45,KS,https://streetcorner.com
Buc-ee's,44,TX,https://buc-ees.com
Keith's Superstores,44,MS,https://keithssuperstores.com
SpeeDee Mart,44,NV,https://speedeemart.net
Summerwood Partners,44,AK,
Folk Oil Co.,43,MI,https://psfoodmart.com
Childers Oil Co./Double Kwik,42,KY,https://doublekwik.com
Coborn's Inc.,42,MN,https://cobornsinc.com
Coles Energy Inc./Mickey Mart,42,OH,https://mickeythemoose.com
R.L. Jordan Oil Co.,42,SC,https://hotspotcstore.com
U.S. Market,42,OR,https://usmarketstores.com
Dari Mart Inc.,41,OR,https://darimart.com
Big D Oil Co.,40,SD,https://bigdoil.com
CHS Inc./Cenex Zip Trip,40,NM,
Downey Oil Co.,40,TN,https://kenjomarkets.com
Foster Blue Water Oil,40,MI,https://fosteroil.com
Houchens Industries,40,KY,https://myiga.com
The Carioca Co.,40,AZ,
U-Pak-It Convenience Stores,40,LA,
Edwards Oil Co.,39,TN,https://quikmart.com
Lee Oil Co.,39,KY,https://leesfoodmart.com
Pops Mart,39,NC,https://popsmartfuels.com
Bonfare Markets,38,CA,https://bonfaremarkets.com
McClure Oil Corp.,38,IN,https://mcclureoilcorp.com
WSCO Petroleum,38,OR,https://wscopetroleum.com
Wesco Oil Co.,38,VT,https://champlainfarms.com
Brewer Oil Co.,37,NM,https://breweroil.com
Cubby's Inc.,37,NE,https://cubbys.com
First Coast Energy (Daily's),37,FL,https://dailys.com
Graham Enterprise,37,IL,https://grahamei.com
Lewis & Raulerson Inc.,37,GA,https://friendlyexpress.com
SpartanNash Co. Convenience Division,37,MI,https://spartannash.com
United Supermarkets,37,TX,https://unitedsupermarkets.com
Lassus Bros. Oil,36,IN,https://lassus.com
Robinson Oil Corp.,36,CA,https://rottenrobbie.com
Golden Pantry Food Stores,35,GA,https://goldenpantry.com
Onvo,35,PA,https://onvo.com
Greeneville Oil & Petroleum,34,NC,https://greenevilleoil.com
La Lomita Inc.,34,TX,https://eltigretexbest.com
Bazco Oil/Chillbox,33,MI,https://chillboxstores.com
Spades Co.,33,TX,https://spadescompany.com
Delta Sonic,32,NY,https://deltasoniccarwash.com
Haag Oil Co.,32,KS,https://haagoilcompany.com
Heritage's Dairy Stores,32,NJ,https://heritages.com
Rapid Robert's Inc.,32,MS,https://rapidrobertsinc.com
Tommy's/U Pump It,32,TX,https://upitommys.com
BHT Investments,31,AR,https://doublebees.com
Condon Cos.,31,WI,https://ultimartstores.com
Mega Consumers Cooperative,31,WI,https://megacoop.com
Mega Consumers Cooperative,31,WI,https://megacoop.com
Petro Serve USA,31,ND,https://petroserveusa.com
Gulshan Enterprises,30,TX,
PAJCO Inc.,30,MO,https://rhodes101.com